ProductCode,ProductDescription,InsuranceType
P5DA,Personal Health Insurance,Health
RIBP,Comprehensive Vehicle Insurance,Vehicle | Life | Property
8NN1,Comprehensive Accident Insurance,Life | Property
7POT,Home Insurance,Property
66FJ,Life Insurance,Life
GYSR,Car Insurance,Vehicle
SOP4,Business Property Insurance,Property
RVSZ,Commercial Vehicle Insurance,Vehicle
PYUQ,Pet Insurance,General
LJR9,Disability Insurance,Health
N2MW,Rental Property Insurance,Property
AHXO,Critical Illness Insurance,Health
BSTQ,Motorcycle Insurance,Vehicle
FM3X,Dental Insurance,Health
K6QO,Cyber Insurance,General
QBOL,Business Liability Insurance,General
JWFN,Workers' Compensation Insurance,General
JZ9D,Marine Insurance,General
J9JW,Umbrella Insurance,General
GHYX,Credit Insurance,General
ECY3,Business Interruption Insurance,General | Life
